{"cameraMode":{"drawMode":0,"name":"Shaded","section":"Shading Mode"},"sceneLighting":false,"audioPlay":false,"sceneViewState":{"m_AlwaysRefresh":false,"showFog":true,"showSkybox":false,"showFlares":true,"showImageEffects":true,"showParticleSystems":true,"showVisualEffectGraphs":true,"m_FxEnabled":true},"in2DMode":false,"pivot":{"x":-0.11152199655771256,"y":1.2238032817840577,"z":-0.10237330943346024},"rotation":{"x":-0.040488094091415408,"y":0.9589422941207886,"z":-0.2182556837797165,"w":-0.1773478388786316},"size":1.0842781066894532,"orthographic":false}